Symbol,Date,Reason
ACAX,2024-03-13 20:31:13.166136,Not Found
ATHX,2024-03-13 20:31:15.675069,Not Found
BLTHD,2024-03-13 20:31:17.948720,Not Found
CLIEF,2024-03-13 20:31:21.512312,Not Found
LMDX,2024-03-13 20:31:33.373596,Not Found
APLMW,2024-03-13 21:23:49.711126,Not Categorized
ATMGF,2024-03-13 21:23:49.711126,Not Categorized
BCHG,2024-03-13 21:23:49.711126,Not Categorized
CNCOF,2024-03-13 21:23:49.711126,Not Categorized
CPPMF,2024-03-13 21:23:49.711126,Not Categorized
CRML,2024-03-13 21:23:49.711126,Not Categorized
EBFI,2024-03-13 21:23:49.711126,Not Categorized
EXPR,2024-03-13 21:23:49.711126,Not Categorized
FMCKK,2024-03-13 21:23:49.711126,Not Categorized
FREJP,2024-03-13 21:23:49.711126,Not Categorized
GREEL,2024-03-13 21:23:49.711126,Not Categorized
HZEN,2024-03-13 21:23:49.711126,Not Categorized
JZZID,2024-03-13 21:23:49.711126,Not Categorized
KDAGF,2024-03-13 21:23:49.711126,Not Categorized
LXILF,2024-03-13 21:23:49.711126,Not Categorized
MDXXF,2024-03-13 21:23:49.711126,Not Categorized
MHUBD,2024-03-13 21:23:49.711126,Not Categorized
NILTF,2024-03-13 21:23:49.711126,Not Categorized
NTMFF,2024-03-13 21:23:49.711126,Not Categorized
PBLA,2024-03-13 21:23:49.711126,Not Categorized
PBM,2024-03-13 21:23:49.711126,Not Categorized
PHGE-UN,2024-03-13 21:23:49.711126,Not Categorized
TGVCW,2024-03-13 21:23:49.711126,Not Categorized
TMXLF,2024-03-13 21:23:49.711126,Not Categorized
WSRIF,2024-03-13 21:23:49.711126,Not Categorized
ZCSH,2024-03-13 21:23:49.711126,Not Categorized
ZMMPY,2024-03-13 21:23:49.711126,Not Categorized
AAGH,2024-03-13 21:23:49.765876,Current Ratio Below 0.5
AAGR,2024-03-13 21:23:49.765876,Current Ratio Below 0.5
ABCP,2024-03-13 21:23:49.765876,Current Ratio Below 0.5
ABMBF,2024-03-13 21:23:49.765876,Current Ratio Below 0.5
ACAN,2024-03-13 21:23:49.765876,Current Ratio Below 0.5
ADIA,2024-03-13 21:23:49.765876,Current Ratio Below 0.5
ADXS,2024-03-13 21:23:49.765876,Current Ratio Below 0.5
AFFL,2024-03-13 21:23:49.765876,Current Ratio Below 0.5
AFFU,2024-03-13 21:23:49.765876,Current Ratio Below 0.5
AGILQ,2024-03-13 21:23:49.765876,Current Ratio Below 0.5
AISP,2024-03-13 21:23:49.765876,Current Ratio Below 0.5
ALCE,2024-03-13 21:23:49.765876,Current Ratio Below 0.5
ALCUD,2024-03-13 21:23:49.765876,Current Ratio Below 0.5
ALCUF,2024-03-13 21:23:49.765876,Current Ratio Below 0.5
ALID,2024-03-13 21:23:49.765876,Current Ratio Below 0.5
ALPSQ,2024-03-13 21:23:49.765876,Current Ratio Below 0.5
ALRTF,2024-03-13 21:23:49.765876,Current Ratio Below 0.5
ALTUW,2024-03-13 21:23:49.765876,Current Ratio Below 0.5
AMFL,2024-03-13 21:23:49.765876,Current Ratio Below 0.5
AMMJ,2024-03-13 21:23:49.765876,Current Ratio Below 0.5
AMMPF,2024-03-13 21:23:49.765876,Current Ratio Below 0.5
AMNI,2024-03-13 21:23:49.765876,Current Ratio Below 0.5
ANICD,2024-03-13 21:23:49.765876,Current Ratio Below 0.5
ANICF,2024-03-13 21:23:49.765876,Current Ratio Below 0.5
ANTMF,2024-03-13 21:23:49.765876,Current Ratio Below 0.5
APETF,2024-03-13 21:23:49.765876,Current Ratio Below 0.5
APGI,2024-03-13 21:23:49.765876,Current Ratio Below 0.5
APLD,2024-03-13 21:23:49.765876,Current Ratio Below 0.5
APLIF,2024-03-13 21:23:49.765876,Current Ratio Below 0.5
APLMW,2024-03-13 21:23:49.765876,Current Ratio Below 0.5
APYP,2024-03-13 21:23:49.765876,Current Ratio Below 0.5
AQSZF,2024-03-13 21:23:49.765876,Current Ratio Below 0.5
ARIZ,2024-03-13 21:23:49.765876,Current Ratio Below 0.5
ARSLF,2024-03-13 21:23:49.765876,Current Ratio Below 0.5
ARTH,2024-03-13 21:23:49.765876,Current Ratio Below 0.5
ASAP,2024-03-13 21:23:49.765876,Current Ratio Below 0.5
ASKH,2024-03-13 21:23:49.765876,Current Ratio Below 0.5
ATAO,2024-03-13 21:23:49.765876,Current Ratio Below 0.5
ATCH,2024-03-13 21:23:49.765876,Current Ratio Below 0.5
ATHXQ,2024-03-13 21:23:49.765876,Current Ratio Below 0.5
ATMH,2024-03-13 21:23:49.765876,Current Ratio Below 0.5
ATRX,2024-03-13 21:23:49.765876,Current Ratio Below 0.5
AUDA,2024-03-13 21:23:49.765876,Current Ratio Below 0.5
AVAI,2024-03-13 21:23:49.765876,Current Ratio Below 0.5
AVNI,2024-03-13 21:23:49.765876,Current Ratio Below 0.5
AVRW,2024-03-13 21:23:49.765876,Current Ratio Below 0.5
AWON,2024-03-13 21:23:49.765876,Current Ratio Below 0.5
BANT,2024-03-13 21:23:49.765876,Current Ratio Below 0.5
BBLR,2024-03-13 21:23:49.765876,Current Ratio Below 0.5
BBTT,2024-03-13 21:23:49.765876,Current Ratio Below 0.5
BBUZ,2024-03-13 21:23:49.765876,Current Ratio Below 0.5
BCCEF,2024-03-13 21:23:49.765876,Current Ratio Below 0.5
BCHG,2024-03-13 21:23:49.765876,Current Ratio Below 0.5
BCUFF,2024-03-13 21:23:49.765876,Current Ratio Below 0.5
BETRF,2024-03-13 21:23:49.765876,Current Ratio Below 0.5
BEVVF,2024-03-13 21:23:49.765876,Current Ratio Below 0.5
BFCH,2024-03-13 21:23:49.765876,Current Ratio Below 0.5
BGAVF,2024-03-13 21:23:49.765876,Current Ratio Below 0.5
BIDCF,2024-03-13 21:23:49.765876,Current Ratio Below 0.5
BLFR,2024-03-13 21:23:49.765876,Current Ratio Below 0.5
BLIS,2024-03-13 21:23:49.765876,Current Ratio Below 0.5
BLTH,2024-03-13 21:23:49.765876,Current Ratio Below 0.5
BMCS,2024-03-13 21:23:49.765876,Current Ratio Below 0.5
BMXC,2024-03-13 21:23:49.765876,Current Ratio Below 0.5
BNNHF,2024-03-13 21:23:49.765876,Current Ratio Below 0.5
BNZI,2024-03-13 21:23:49.765876,Current Ratio Below 0.5
BOMO,2024-03-13 21:23:49.765876,Current Ratio Below 0.5
BRDSQ,2024-03-13 21:23:49.765876,Current Ratio Below 0.5
BRGC,2024-03-13 21:23:49.765876,Current Ratio Below 0.5
BRSH,2024-03-13 21:23:49.765876,Current Ratio Below 0.5
BRUZF,2024-03-13 21:23:49.765876,Current Ratio Below 0.5
BRVO,2024-03-13 21:23:49.765876,Current Ratio Below 0.5
BRZV,2024-03-13 21:23:49.765876,Current Ratio Below 0.5
BSPK,2024-03-13 21:23:49.765876,Current Ratio Below 0.5
BTCY,2024-03-13 21:23:49.765876,Current Ratio Below 0.5
BULT,2024-03-13 21:23:49.765876,Current Ratio Below 0.5
BWMY,2024-03-13 21:23:49.765876,Current Ratio Below 0.5
BWVI,2024-03-13 21:23:49.765876,Current Ratio Below 0.5
BXRX,2024-03-13 21:23:49.765876,Current Ratio Below 0.5
CANN,2024-03-13 21:23:49.765876,Current Ratio Below 0.5
CANOQ,2024-03-13 21:23:49.765876,Current Ratio Below 0.5
CAPC,2024-03-13 21:23:49.765876,Current Ratio Below 0.5
CAPV,2024-03-13 21:23:49.765876,Current Ratio Below 0.5
CATTF,2024-03-13 21:23:49.765876,Current Ratio Below 0.5
CBDS,2024-03-13 21:23:49.765876,Current Ratio Below 0.5
CBDW,2024-03-13 21:23:49.765876,Current Ratio Below 0.5
CBMJ,2024-03-13 21:23:49.765876,Current Ratio Below 0.5
CBSC,2024-03-13 21:23:49.765876,Current Ratio Below 0.5
CEOS,2024-03-13 21:23:49.765876,Current Ratio Below 0.5
CGNSF,2024-03-13 21:23:49.765876,Current Ratio Below 0.5
CGRW,2024-03-13 21:23:49.765876,Current Ratio Below 0.5
CHEA,2024-03-13 21:23:49.765876,Current Ratio Below 0.5
CHHYF,2024-03-13 21:23:49.765876,Current Ratio Below 0.5
CJET,2024-03-13 21:23:49.765876,Current Ratio Below 0.5
CLCS,2024-03-13 21:23:49.765876,Current Ratio Below 0.5
CLGCF,2024-03-13 21:23:49.765876,Current Ratio Below 0.5
CLHI,2024-03-13 21:23:49.765876,Current Ratio Below 0.5
CLSH,2024-03-13 21:23:49.765876,Current Ratio Below 0.5
CMXC,2024-03-13 21:23:49.765876,Current Ratio Below 0.5
CNBX,2024-03-13 21:23:49.765876,Current Ratio Below 0.5
CNCOF,2024-03-13 21:23:49.765876,Current Ratio Below 0.5
CNER,2024-03-13 21:23:49.765876,Current Ratio Below 0.5
CNNC,2024-03-13 21:23:49.765876,Current Ratio Below 0.5
CNNN,2024-03-13 21:23:49.765876,Current Ratio Below 0.5
CNTMF,2024-03-13 21:23:49.765876,Current Ratio Below 0.5
CNVT,2024-03-13 21:23:49.765876,Current Ratio Below 0.5
COMCF,2024-03-13 21:23:49.765876,Current Ratio Below 0.5
COMS,2024-03-13 21:23:49.765876,Current Ratio Below 0.5
COOLW,2024-03-13 21:23:49.765876,Current Ratio Below 0.5
CORZQ,2024-03-13 21:23:49.765876,Current Ratio Below 0.5
CPIVF,2024-03-13 21:23:49.765876,Current Ratio Below 0.5
CPMD,2024-03-13 21:23:49.765876,Current Ratio Below 0.5
CPNFF,2024-03-13 21:23:49.765876,Current Ratio Below 0.5
CPPMF,2024-03-13 21:23:49.765876,Current Ratio Below 0.5
CPWR,2024-03-13 21:23:49.765876,Current Ratio Below 0.5
CRDV,2024-03-13 21:23:49.765876,Current Ratio Below 0.5
CRML,2024-03-13 21:23:49.765876,Current Ratio Below 0.5
CRVH,2024-03-13 21:23:49.765876,Current Ratio Below 0.5
CRYM,2024-03-13 21:23:49.765876,Current Ratio Below 0.5
CSOC,2024-03-13 21:23:49.765876,Current Ratio Below 0.5
CSSI,2024-03-13 21:23:49.765876,Current Ratio Below 0.5
CTVEF,2024-03-13 21:23:49.765876,Current Ratio Below 0.5
CWSFF,2024-03-13 21:23:49.765876,Current Ratio Below 0.5
CYDY,2024-03-13 21:23:49.765876,Current Ratio Below 0.5
DBGI,2024-03-13 21:23:49.765876,Current Ratio Below 0.5
DDC,2024-03-13 21:23:49.765876,Current Ratio Below 0.5
DGWR,2024-03-13 21:23:49.765876,Current Ratio Below 0.5
DHCA,2024-03-13 21:23:49.765876,Current Ratio Below 0.5
DLYT,2024-03-13 21:23:49.765876,Current Ratio Below 0.5
DSGT,2024-03-13 21:23:49.765876,Current Ratio Below 0.5
DTII,2024-03-13 21:23:49.765876,Current Ratio Below 0.5
DTTVY,2024-03-13 21:23:49.765876,Current Ratio Below 0.5
DTZZF,2024-03-13 21:23:49.765876,Current Ratio Below 0.5
DUSYF,2024-03-13 21:23:49.765876,Current Ratio Below 0.5
DWAY,2024-03-13 21:23:49.765876,Current Ratio Below 0.5
EAWD,2024-03-13 21:23:49.765876,Current Ratio Below 0.5
EBET,2024-03-13 21:23:49.765876,Current Ratio Below 0.5
EBFI,2024-03-13 21:23:49.765876,Current Ratio Below 0.5
EBIXQ,2024-03-13 21:23:49.765876,Current Ratio Below 0.5
ECDP,2024-03-13 21:23:49.765876,Current Ratio Below 0.5
ECPL,2024-03-13 21:23:49.765876,Current Ratio Below 0.5
ECSL,2024-03-13 21:23:49.765876,Current Ratio Below 0.5
EGMCF,2024-03-13 21:23:49.765876,Current Ratio Below 0.5
EGOX,2024-03-13 21:23:49.765876,Current Ratio Below 0.5
EGYF,2024-03-13 21:23:49.765876,Current Ratio Below 0.5
ELNSF,2024-03-13 21:23:49.765876,Current Ratio Below 0.5
EMMA,2024-03-13 21:23:49.765876,Current Ratio Below 0.5
ENCP,2024-03-13 21:23:49.765876,Current Ratio Below 0.5
ENDMD,2024-03-13 21:23:49.765876,Current Ratio Below 0.5
EOSS,2024-03-13 21:23:49.765876,Current Ratio Below 0.5
ERAO,2024-03-13 21:23:49.765876,Current Ratio Below 0.5
ETUGF,2024-03-13 21:23:49.765876,Current Ratio Below 0.5
EVFM,2024-03-13 21:23:49.765876,Current Ratio Below 0.5
EVLLF,2024-03-13 21:23:49.765876,Current Ratio Below 0.5
EVLO,2024-03-13 21:23:49.765876,Current Ratio Below 0.5
EWCLF,2024-03-13 21:23:49.765876,Current Ratio Below 0.5
FAGI,2024-03-13 21:23:49.765876,Current Ratio Below 0.5
FBSE,2024-03-13 21:23:49.765876,Current Ratio Below 0.5
FFNTF,2024-03-13 21:23:49.765876,Current Ratio Below 0.5
FHELF,2024-03-13 21:23:49.765876,Current Ratio Below 0.5
FLES,2024-03-13 21:23:49.765876,Current Ratio Below 0.5
FMCKK,2024-03-13 21:23:49.765876,Current Ratio Below 0.5
FMHS,2024-03-13 21:23:49.765876,Current Ratio Below 0.5
FRBK,2024-03-13 21:23:49.765876,Current Ratio Below 0.5
FRCB,2024-03-13 21:23:49.765876,Current Ratio Below 0.5
FRCCL,2024-03-13 21:23:49.765876,Current Ratio Below 0.5
FRCHL,2024-03-13 21:23:49.765876,Current Ratio Below 0.5
FRCIL,2024-03-13 21:23:49.765876,Current Ratio Below 0.5
FRCJL,2024-03-13 21:23:49.765876,Current Ratio Below 0.5
FRCKL,2024-03-13 21:23:49.765876,Current Ratio Below 0.5
FRCLL,2024-03-13 21:23:49.765876,Current Ratio Below 0.5
FRCML,2024-03-13 21:23:49.765876,Current Ratio Below 0.5
FREJP,2024-03-13 21:23:49.765876,Current Ratio Below 0.5
FRES,2024-03-13 21:23:49.765876,Current Ratio Below 0.5
FRLAW,2024-03-13 21:23:49.765876,Current Ratio Below 0.5
FTRS,2024-03-13 21:23:49.765876,Current Ratio Below 0.5
FUAPF,2024-03-13 21:23:49.765876,Current Ratio Below 0.5
FUST,2024-03-13 21:23:49.765876,Current Ratio Below 0.5
FUUN,2024-03-13 21:23:49.765876,Current Ratio Below 0.5
FZRO,2024-03-13 21:23:49.765876,Current Ratio Below 0.5
GANDF,2024-03-13 21:23:49.765876,Current Ratio Below 0.5
GATEW,2024-03-13 21:23:49.765876,Current Ratio Below 0.5
GBBFF,2024-03-13 21:23:49.765876,Current Ratio Below 0.5
GBNH,2024-03-13 21:23:49.765876,Current Ratio Below 0.5
GBUX,2024-03-13 21:23:49.765876,Current Ratio Below 0.5
GEMSF,2024-03-13 21:23:49.765876,Current Ratio Below 0.5
GERS,2024-03-13 21:23:49.765876,Current Ratio Below 0.5
GIFX,2024-03-13 21:23:49.765876,Current Ratio Below 0.5
GKIN,2024-03-13 21:23:49.765876,Current Ratio Below 0.5
GMBL,2024-03-13 21:23:49.765876,Current Ratio Below 0.5
GMBLP,2024-03-13 21:23:49.765876,Current Ratio Below 0.5
GMER,2024-03-13 21:23:49.765876,Current Ratio Below 0.5
GMETF,2024-03-13 21:23:49.765876,Current Ratio Below 0.5
GMPW,2024-03-13 21:23:49.765876,Current Ratio Below 0.5
GMTNF,2024-03-13 21:23:49.765876,Current Ratio Below 0.5
GMVDF,2024-03-13 21:23:49.765876,Current Ratio Below 0.5
GOLLQ,2024-03-13 21:23:49.765876,Current Ratio Below 0.5
GPOX,2024-03-13 21:23:49.765876,Current Ratio Below 0.5
GRDI,2024-03-13 21:23:49.765876,Current Ratio Below 0.5
GREEL,2024-03-13 21:23:49.765876,Current Ratio Below 0.5
GRIF,2024-03-13 21:23:49.765876,Current Ratio Below 0.5
GRMC,2024-03-13 21:23:49.765876,Current Ratio Below 0.5
GRNBF,2024-03-13 21:23:49.765876,Current Ratio Below 0.5
GRVE,2024-03-13 21:23:49.765876,Current Ratio Below 0.5
GRYP,2024-03-13 21:23:49.765876,Current Ratio Below 0.5
GTGEF,2024-03-13 21:23:49.765876,Current Ratio Below 0.5
GWTI,2024-03-13 21:23:49.765876,Current Ratio Below 0.5
GWTR,2024-03-13 21:23:49.765876,Current Ratio Below 0.5
GXXY,2024-03-13 21:23:49.765876,Current Ratio Below 0.5
HCDIQ,2024-03-13 21:23:49.765876,Current Ratio Below 0.5
HCDPQ,2024-03-13 21:23:49.765876,Current Ratio Below 0.5
HCMA,2024-03-13 21:23:49.765876,Current Ratio Below 0.5
HGYN,2024-03-13 21:23:49.765876,Current Ratio Below 0.5
HIHI,2024-03-13 21:23:49.765876,Current Ratio Below 0.5
HITC,2024-03-13 21:23:49.765876,Current Ratio Below 0.5
HMMR,2024-03-13 21:23:49.765876,Current Ratio Below 0.5
HNRA,2024-03-13 21:23:49.765876,Current Ratio Below 0.5
HOMU,2024-03-13 21:23:49.765876,Current Ratio Below 0.5
HZEN,2024-03-13 21:23:49.765876,Current Ratio Below 0.5
IDEX,2024-03-13 21:23:49.765876,Current Ratio Below 0.5
IFUS,2024-03-13 21:23:49.765876,Current Ratio Below 0.5
IGPK,2024-03-13 21:23:49.765876,Current Ratio Below 0.5
IHAI,2024-03-13 21:23:49.765876,Current Ratio Below 0.5
ILAL,2024-03-13 21:23:49.765876,Current Ratio Below 0.5
IMPLQ,2024-03-13 21:23:49.765876,Current Ratio Below 0.5
INNI,2024-03-13 21:23:49.765876,Current Ratio Below 0.5
IONI,2024-03-13 21:23:49.765876,Current Ratio Below 0.5
IPIX,2024-03-13 21:23:49.765876,Current Ratio Below 0.5
IPSI,2024-03-13 21:23:49.765876,Current Ratio Below 0.5
IRNTQ,2024-03-13 21:23:49.765876,Current Ratio Below 0.5
ISPOW,2024-03-13 21:23:49.765876,Current Ratio Below 0.5
IVRN,2024-03-13 21:23:49.765876,Current Ratio Below 0.5
IWAL,2024-03-13 21:23:49.765876,Current Ratio Below 0.5
IZOZF,2024-03-13 21:23:49.765876,Current Ratio Below 0.5
JAN,2024-03-13 21:23:49.765876,Current Ratio Below 0.5
JETR,2024-03-13 21:23:49.765876,Current Ratio Below 0.5
JFIL,2024-03-13 21:23:49.765876,Current Ratio Below 0.5
JKHCF,2024-03-13 21:23:49.765876,Current Ratio Below 0.5
JKSM,2024-03-13 21:23:49.765876,Current Ratio Below 0.5
JUBAF,2024-03-13 21:23:49.765876,Current Ratio Below 0.5
JZZID,2024-03-13 21:23:49.765876,Current Ratio Below 0.5
KAST,2024-03-13 21:23:49.765876,Current Ratio Below 0.5
KBLB,2024-03-13 21:23:49.765876,Current Ratio Below 0.5
KCRD,2024-03-13 21:23:49.765876,Current Ratio Below 0.5
KDAGF,2024-03-13 21:23:49.765876,Current Ratio Below 0.5
KITL,2024-03-13 21:23:49.765876,Current Ratio Below 0.5
KLSVF,2024-03-13 21:23:49.765876,Current Ratio Below 0.5
KOAN,2024-03-13 21:23:49.765876,Current Ratio Below 0.5
KOMOF,2024-03-13 21:23:49.765876,Current Ratio Below 0.5
KOSK,2024-03-13 21:23:49.765876,Current Ratio Below 0.5
KPIFF,2024-03-13 21:23:49.765876,Current Ratio Below 0.5
KTPPF,2024-03-13 21:23:49.765876,Current Ratio Below 0.5
KUKE,2024-03-13 21:23:49.765876,Current Ratio Below 0.5
KWIK,2024-03-13 21:23:49.765876,Current Ratio Below 0.5
LAAB,2024-03-13 21:23:49.765876,Current Ratio Below 0.5
LBRG,2024-03-13 21:23:49.765876,Current Ratio Below 0.5
LBRMF,2024-03-13 21:23:49.765876,Current Ratio Below 0.5
LCCN,2024-03-13 21:23:49.765876,Current Ratio Below 0.5
LGST,2024-03-13 21:23:49.765876,Current Ratio Below 0.5
LIBYW,2024-03-13 21:23:49.765876,Current Ratio Below 0.5
LIGA,2024-03-13 21:23:49.765876,Current Ratio Below 0.5
LKCO,2024-03-13 21:23:49.765876,Current Ratio Below 0.5
LMDXF,2024-03-13 21:23:49.765876,Current Ratio Below 0.5
LMLLF,2024-03-13 21:23:49.765876,Current Ratio Below 0.5
LOBEF,2024-03-13 21:23:49.765876,Current Ratio Below 0.5
LOMEF,2024-03-13 21:23:49.765876,Current Ratio Below 0.5
LRDC,2024-03-13 21:23:49.765876,Current Ratio Below 0.5
LRGR,2024-03-13 21:23:49.765876,Current Ratio Below 0.5
LUXFF,2024-03-13 21:23:49.765876,Current Ratio Below 0.5
LVGLF,2024-03-13 21:23:49.765876,Current Ratio Below 0.5
LVRLF,2024-03-13 21:23:49.765876,Current Ratio Below 0.5
LZGI,2024-03-13 21:23:49.765876,Current Ratio Below 0.5
MARK,2024-03-13 21:23:49.765876,Current Ratio Below 0.5
MBLMF,2024-03-13 21:23:49.765876,Current Ratio Below 0.5
MCDIF,2024-03-13 21:23:49.765876,Current Ratio Below 0.5
MCLE,2024-03-13 21:23:49.765876,Current Ratio Below 0.5
MDRNF,2024-03-13 21:23:49.765876,Current Ratio Below 0.5
MDTC,2024-03-13 21:23:49.765876,Current Ratio Below 0.5
MDXXF,2024-03-13 21:23:49.765876,Current Ratio Below 0.5
MFLTY,2024-03-13 21:23:49.765876,Current Ratio Below 0.5
MFMLF,2024-03-13 21:23:49.765876,Current Ratio Below 0.5
MHUBD,2024-03-13 21:23:49.765876,Current Ratio Below 0.5
MIGI,2024-03-13 21:23:49.765876,Current Ratio Below 0.5
MIMO,2024-03-13 21:23:49.765876,Current Ratio Below 0.5
MJNE,2024-03-13 21:23:49.765876,Current Ratio Below 0.5
MLLOD,2024-03-13 21:23:49.765876,Current Ratio Below 0.5
MLRT,2024-03-13 21:23:49.765876,Current Ratio Below 0.5
MLYCF,2024-03-13 21:23:49.765876,Current Ratio Below 0.5
MMTIF,2024-03-13 21:23:49.765876,Current Ratio Below 0.5
MONI,2024-03-13 21:23:49.765876,Current Ratio Below 0.5
MRDB,2024-03-13 21:23:49.765876,Current Ratio Below 0.5
MRES,2024-03-13 21:23:49.765876,Current Ratio Below 0.5
MRGE,2024-03-13 21:23:49.765876,Current Ratio Below 0.5
MRLLF,2024-03-13 21:23:49.765876,Current Ratio Below 0.5
MSEZ,2024-03-13 21:23:49.765876,Current Ratio Below 0.5
MSSV,2024-03-13 21:23:49.765876,Current Ratio Below 0.5
MTPP,2024-03-13 21:23:49.765876,Current Ratio Below 0.5
MTRBF,2024-03-13 21:23:49.765876,Current Ratio Below 0.5
MVCO,2024-03-13 21:23:49.765876,Current Ratio Below 0.5
MXTRF,2024-03-13 21:23:49.765876,Current Ratio Below 0.5
MYMX,2024-03-13 21:23:49.765876,Current Ratio Below 0.5
MYMXD,2024-03-13 21:23:49.765876,Current Ratio Below 0.5
NASO,2024-03-13 21:23:49.765876,Current Ratio Below 0.5
NAUH,2024-03-13 21:23:49.765876,Current Ratio Below 0.5
NEPT,2024-03-13 21:23:49.765876,Current Ratio Below 0.5
NEPTF,2024-03-13 21:23:49.765876,Current Ratio Below 0.5
NEVDF,2024-03-13 21:23:49.765876,Current Ratio Below 0.5
NGTF,2024-03-13 21:23:49.765876,Current Ratio Below 0.5
NILA,2024-03-13 21:23:49.765876,Current Ratio Below 0.5
NILTF,2024-03-13 21:23:49.765876,Current Ratio Below 0.5
NIMU,2024-03-13 21:23:49.765876,Current Ratio Below 0.5
NKGN,2024-03-13 21:23:49.765876,Current Ratio Below 0.5
NMLSF,2024-03-13 21:23:49.765876,Current Ratio Below 0.5
NOGNQ,2024-03-13 21:23:49.765876,Current Ratio Below 0.5
NOKPF,2024-03-13 21:23:49.765876,Current Ratio Below 0.5
NREG,2024-03-13 21:23:49.765876,Current Ratio Below 0.5
NRHI,2024-03-13 21:23:49.765876,Current Ratio Below 0.5
NRPI,2024-03-13 21:23:49.765876,Current Ratio Below 0.5
NRRSF,2024-03-13 21:23:49.765876,Current Ratio Below 0.5
NSGP,2024-03-13 21:23:49.765876,Current Ratio Below 0.5
NTMFF,2024-03-13 21:23:49.765876,Current Ratio Below 0.5
NUBI,2024-03-13 21:23:49.765876,Current Ratio Below 0.5
NUKK,2024-03-13 21:23:49.765876,Current Ratio Below 0.5
NUKKW,2024-03-13 21:23:49.765876,Current Ratio Below 0.5
NUMD,2024-03-13 21:23:49.765876,Current Ratio Below 0.5
NWPG,2024-03-13 21:23:49.765876,Current Ratio Below 0.5
NXEN,2024-03-13 21:23:49.765876,Current Ratio Below 0.5
NXGB,2024-03-13 21:23:49.765876,Current Ratio Below 0.5
NXGT,2024-03-13 21:23:49.765876,Current Ratio Below 0.5
NXSGF,2024-03-13 21:23:49.765876,Current Ratio Below 0.5
NYCB,2024-03-13 21:23:49.765876,Current Ratio Below 0.5
NYCB-PA,2024-03-13 21:23:49.765876,Current Ratio Below 0.5
NYMXF,2024-03-13 21:23:49.765876,Current Ratio Below 0.5
OCEA,2024-03-13 21:23:49.765876,Current Ratio Below 0.5
ODII,2024-03-13 21:23:49.765876,Current Ratio Below 0.5
OLVI,2024-03-13 21:23:49.765876,Current Ratio Below 0.5
OMID,2024-03-13 21:23:49.765876,Current Ratio Below 0.5
ONEI,2024-03-13 21:23:49.765876,Current Ratio Below 0.5
ONMD,2024-03-13 21:23:49.765876,Current Ratio Below 0.5
ONXGF,2024-03-13 21:23:49.765876,Current Ratio Below 0.5
OPGN,2024-03-13 21:23:49.765876,Current Ratio Below 0.5
ORHB,2024-03-13 21:23:49.765876,Current Ratio Below 0.5
OSCI,2024-03-13 21:23:49.765876,Current Ratio Below 0.5
OTECW,2024-03-13 21:23:49.765876,Current Ratio Below 0.5
OWRDF,2024-03-13 21:23:49.765876,Current Ratio Below 0.5
PACVD,2024-03-13 21:23:49.765876,Current Ratio Below 0.5
PBLA,2024-03-13 21:23:49.765876,Current Ratio Below 0.5
PBM,2024-03-13 21:23:49.765876,Current Ratio Below 0.5
PFFOF,2024-03-13 21:23:49.765876,Current Ratio Below 0.5
PLFLF,2024-03-13 21:23:49.765876,Current Ratio Below 0.5
PLGNF,2024-03-13 21:23:49.765876,Current Ratio Below 0.5
PLTXF,2024-03-13 21:23:49.765876,Current Ratio Below 0.5
PMEDF,2024-03-13 21:23:49.765876,Current Ratio Below 0.5
PPCB,2024-03-13 21:23:49.765876,Current Ratio Below 0.5
PRED,2024-03-13 21:23:49.765876,Current Ratio Below 0.5
PRPRF,2024-03-13 21:23:49.765876,Current Ratio Below 0.5
PRST,2024-03-13 21:23:49.765876,Current Ratio Below 0.5
PRTT,2024-03-13 21:23:49.765876,Current Ratio Below 0.5
PSUD,2024-03-13 21:23:49.765876,Current Ratio Below 0.5
PSYBF,2024-03-13 21:23:49.765876,Current Ratio Below 0.5
PSYGF,2024-03-13 21:23:49.765876,Current Ratio Below 0.5
PTCO,2024-03-13 21:23:49.765876,Current Ratio Below 0.5
PTHR,2024-03-13 21:23:49.765876,Current Ratio Below 0.5
PTRVF,2024-03-13 21:23:49.765876,Current Ratio Below 0.5
PUBC,2024-03-13 21:23:49.765876,Current Ratio Below 0.5
PWWBF,2024-03-13 21:23:49.765876,Current Ratio Below 0.5
PYBX,2024-03-13 21:23:49.765876,Current Ratio Below 0.5
QQQFF,2024-03-13 21:23:49.765876,Current Ratio Below 0.5
QUAN,2024-03-13 21:23:49.765876,Current Ratio Below 0.5
RAFA,2024-03-13 21:23:49.765876,Current Ratio Below 0.5
RCIT,2024-03-13 21:23:49.765876,Current Ratio Below 0.5
RDDTF,2024-03-13 21:23:49.765876,Current Ratio Below 0.5
RDRSF,2024-03-13 21:23:49.765876,Current Ratio Below 0.5
RDYFF,2024-03-13 21:23:49.765876,Current Ratio Below 0.5
RENB,2024-03-13 21:23:49.765876,Current Ratio Below 0.5
RENI,2024-03-13 21:23:49.765876,Current Ratio Below 0.5
REOS,2024-03-13 21:23:49.765876,Current Ratio Below 0.5
REPO,2024-03-13 21:23:49.765876,Current Ratio Below 0.5
REYGF,2024-03-13 21:23:49.765876,Current Ratio Below 0.5
RFLXF,2024-03-13 21:23:49.765876,Current Ratio Below 0.5
RFMCD,2024-03-13 21:23:49.765876,Current Ratio Below 0.5
RFMCF,2024-03-13 21:23:49.765876,Current Ratio Below 0.5
RGBP,2024-03-13 21:23:49.765876,Current Ratio Below 0.5
RGST,2024-03-13 21:23:49.765876,Current Ratio Below 0.5
RIBT,2024-03-13 21:23:49.765876,Current Ratio Below 0.5
RIINF,2024-03-13 21:23:49.765876,Current Ratio Below 0.5
RKFL,2024-03-13 21:23:49.765876,Current Ratio Below 0.5
RKMSF,2024-03-13 21:23:49.765876,Current Ratio Below 0.5
RLAB,2024-03-13 21:23:49.765876,Current Ratio Below 0.5
RLTR,2024-03-13 21:23:49.765876,Current Ratio Below 0.5
RMLFF,2024-03-13 21:23:49.765876,Current Ratio Below 0.5
ROII,2024-03-13 21:23:49.765876,Current Ratio Below 0.5
ROSN,2024-03-13 21:23:49.765876,Current Ratio Below 0.5
ROXIF,2024-03-13 21:23:49.765876,Current Ratio Below 0.5
RSCI,2024-03-13 21:23:49.765876,Current Ratio Below 0.5
RTON,2024-03-13 21:23:49.765876,Current Ratio Below 0.5
RVLWF,2024-03-13 21:23:49.765876,Current Ratio Below 0.5
RWGI,2024-03-13 21:23:49.765876,Current Ratio Below 0.5
RZREF,2024-03-13 21:23:49.765876,Current Ratio Below 0.5
SBNY,2024-03-13 21:23:49.765876,Current Ratio Below 0.5
SBNYL,2024-03-13 21:23:49.765876,Current Ratio Below 0.5
SBOT,2024-03-13 21:23:49.765876,Current Ratio Below 0.5
SCFFF,2024-03-13 21:23:49.765876,Current Ratio Below 0.5
SCFR,2024-03-13 21:23:49.765876,Current Ratio Below 0.5
SCLX,2024-03-13 21:23:49.765876,Current Ratio Below 0.5
SCPS,2024-03-13 21:23:49.765876,Current Ratio Below 0.5
SENR,2024-03-13 21:23:49.765876,Current Ratio Below 0.5
SEVCQ,2024-03-13 21:23:49.765876,Current Ratio Below 0.5
SGD,2024-03-13 21:23:49.765876,Current Ratio Below 0.5
SGPTF,2024-03-13 21:23:49.765876,Current Ratio Below 0.5
SIGL,2024-03-13 21:23:49.765876,Current Ratio Below 0.5
SING,2024-03-13 21:23:49.765876,Current Ratio Below 0.5
SIVBQ,2024-03-13 21:23:49.765876,Current Ratio Below 0.5
SIVPQ,2024-03-13 21:23:49.765876,Current Ratio Below 0.5
SLNA,2024-03-13 21:23:49.765876,Current Ratio Below 0.5
SMFL,2024-03-13 21:23:49.765876,Current Ratio Below 0.5
SMMR,2024-03-13 21:23:49.765876,Current Ratio Below 0.5
SMX,2024-03-13 21:23:49.765876,Current Ratio Below 0.5
SNANF,2024-03-13 21:23:49.765876,Current Ratio Below 0.5
SNBH,2024-03-13 21:23:49.765876,Current Ratio Below 0.5
SNMP,2024-03-13 21:23:49.765876,Current Ratio Below 0.5
SNNC,2024-03-13 21:23:49.765876,Current Ratio Below 0.5
SOFO,2024-03-13 21:23:49.765876,Current Ratio Below 0.5
SPEYF,2024-03-13 21:23:49.765876,Current Ratio Below 0.5
SPLTF,2024-03-13 21:23:49.765876,Current Ratio Below 0.5
SRAFF,2024-03-13 21:23:49.765876,Current Ratio Below 0.5
SRAX,2024-03-13 21:23:49.765876,Current Ratio Below 0.5
SRNEQ,2024-03-13 21:23:49.765876,Current Ratio Below 0.5
STHZF,2024-03-13 21:23:49.765876,Current Ratio Below 0.5
STRG,2024-03-13 21:23:49.765876,Current Ratio Below 0.5
STSN,2024-03-13 21:23:49.765876,Current Ratio Below 0.5
SUPV,2024-03-13 21:23:49.765876,Current Ratio Below 0.5
SVMFF,2024-03-13 21:23:49.765876,Current Ratio Below 0.5
SVVC,2024-03-13 21:23:49.765876,Current Ratio Below 0.5
SYGGF,2024-03-13 21:23:49.765876,Current Ratio Below 0.5
SYSX,2024-03-13 21:23:49.765876,Current Ratio Below 0.5
TAST,2024-03-13 21:23:49.765876,Current Ratio Below 0.5
TBRIF,2024-03-13 21:23:49.765876,Current Ratio Below 0.5
TCRI,2024-03-13 21:23:49.765876,Current Ratio Below 0.5
TDRK,2024-03-13 21:23:49.765876,Current Ratio Below 0.5
TEVNF,2024-03-13 21:23:49.765876,Current Ratio Below 0.5
TGCB,2024-03-13 21:23:49.765876,Current Ratio Below 0.5
TGGLF,2024-03-13 21:23:49.765876,Current Ratio Below 0.5
TGVCW,2024-03-13 21:23:49.765876,Current Ratio Below 0.5
THCBF,2024-03-13 21:23:49.765876,Current Ratio Below 0.5
TIPS,2024-03-13 21:23:49.765876,Current Ratio Below 0.5
TNRG,2024-03-13 21:23:49.765876,Current Ratio Below 0.5
TOGOF,2024-03-13 21:23:49.765876,Current Ratio Below 0.5
TPIA,2024-03-13 21:23:49.765876,Current Ratio Below 0.5
TRKAQ,2024-03-13 21:23:49.765876,Current Ratio Below 0.5
TRKUF,2024-03-13 21:23:49.765876,Current Ratio Below 0.5
TRLFF,2024-03-13 21:23:49.765876,Current Ratio Below 0.5
TRNR,2024-03-13 21:23:49.765876,Current Ratio Below 0.5
TROYF,2024-03-13 21:23:49.765876,Current Ratio Below 0.5
TRYPF,2024-03-13 21:23:49.765876,Current Ratio Below 0.5
TTLHF,2024-03-13 21:23:49.765876,Current Ratio Below 0.5
TVIPF,2024-03-13 21:23:49.765876,Current Ratio Below 0.5
TWOH,2024-03-13 21:23:49.765876,Current Ratio Below 0.5
UAHC,2024-03-13 21:23:49.765876,Current Ratio Below 0.5
UBMRF,2024-03-13 21:23:49.765876,Current Ratio Below 0.5
UMFGD,2024-03-13 21:23:49.765876,Current Ratio Below 0.5
UNRVD,2024-03-13 21:23:49.765876,Current Ratio Below 0.5
UPIN,2024-03-13 21:23:49.765876,Current Ratio Below 0.5
USAQ,2024-03-13 21:23:49.765876,Current Ratio Below 0.5
USDP,2024-03-13 21:23:49.765876,Current Ratio Below 0.5
USLG,2024-03-13 21:23:49.765876,Current Ratio Below 0.5
VAGNF,2024-03-13 21:23:49.765876,Current Ratio Below 0.5
VDRM,2024-03-13 21:23:49.765876,Current Ratio Below 0.5
VDTAF,2024-03-13 21:23:49.765876,Current Ratio Below 0.5
VISM,2024-03-13 21:23:49.765876,Current Ratio Below 0.5
VMNT,2024-03-13 21:23:49.765876,Current Ratio Below 0.5
VRCFF,2024-03-13 21:23:49.765876,Current Ratio Below 0.5
VSMR,2024-03-13 21:23:49.765876,Current Ratio Below 0.5
VSST,2024-03-13 21:23:49.765876,Current Ratio Below 0.5
VYST,2024-03-13 21:23:49.765876,Current Ratio Below 0.5
WDDD,2024-03-13 21:23:49.765876,Current Ratio Below 0.5
WEWKQ,2024-03-13 21:23:49.765876,Current Ratio Below 0.5
WGMCF,2024-03-13 21:23:49.765876,Current Ratio Below 0.5
WNFT,2024-03-13 21:23:49.765876,Current Ratio Below 0.5
WOWI,2024-03-13 21:23:49.765876,Current Ratio Below 0.5
WSRC,2024-03-13 21:23:49.765876,Current Ratio Below 0.5
WSRIF,2024-03-13 21:23:49.765876,Current Ratio Below 0.5
WTCZF,2024-03-13 21:23:49.765876,Current Ratio Below 0.5
XBRAF,2024-03-13 21:23:49.765876,Current Ratio Below 0.5
XSNX,2024-03-13 21:23:49.765876,Current Ratio Below 0.5
XTCYF,2024-03-13 21:23:49.765876,Current Ratio Below 0.5
YELLQ,2024-03-13 21:23:49.765876,Current Ratio Below 0.5
ZAIRF,2024-03-13 21:23:49.765876,Current Ratio Below 0.5
ZCAR,2024-03-13 21:23:49.765876,Current Ratio Below 0.5
ZCSH,2024-03-13 21:23:49.765876,Current Ratio Below 0.5
ZHUD,2024-03-13 21:23:49.765876,Current Ratio Below 0.5
KRBP,2024-03-13 19:35:52.809939,Current Ratio Below 0.5
EMOR,2024-03-14 06:18:23.763157,Current Ratio Below 0.5
GBHPF,2024-03-14 06:18:23.763157,Current Ratio Below 0.5
MMSDF,2024-03-15 06:18:23.252576,Not Categorized
NMHI,2024-03-15 06:18:23.252576,Not Categorized
GORAF,2024-03-15 06:18:23.262798,Current Ratio Below 0.5
MHRE,2024-03-15 06:18:23.262798,Current Ratio Below 0.5
MMSDF,2024-03-15 06:18:23.262798,Current Ratio Below 0.5
NMHI,2024-03-15 06:18:23.262798,Current Ratio Below 0.5
BLMH,2024-03-16 06:17:12.144868,Current Ratio Below 0.5
JSHG,2024-03-16 06:17:12.144868,Current Ratio Below 0.5
LSDI,2024-03-16 06:17:12.144868,Current Ratio Below 0.5
TELHF,2024-03-16 06:17:12.144868,Current Ratio Below 0.5
TBNRF,2024-03-17 19:13:16.613835,Not Found
CURO,2024-03-17 19:13:42.047600,Not Categorized
AGEN,2024-03-17 19:13:42.056138,Current Ratio Below 0.5
THMG,2024-03-17 19:13:42.056138,Current Ratio Below 0.5
ZIVO,2024-03-17 19:13:42.056138,Current Ratio Below 0.5
AMNF,2024-03-19 06:18:44.488815,Current Ratio Below 0.5
RIHT,2024-03-19 23:05:30.055754,Current Ratio Below 0.5
AMTX,2024-03-21 06:18:55.841991,Current Ratio Below 0.5
BCEL,2024-03-22 06:19:49.252806,Not Categorized
ADOC,2024-03-22 06:19:49.261760,Current Ratio Below 0.5
BABL,2024-03-22 06:19:49.261760,Current Ratio Below 0.5
CLDI,2024-03-22 06:19:49.261760,Current Ratio Below 0.5
CMAX,2024-03-22 06:19:49.261760,Current Ratio Below 0.5
EVSV,2024-03-22 06:19:49.261760,Current Ratio Below 0.5
SKGRW,2024-03-22 06:19:49.261760,Current Ratio Below 0.5
TPET,2024-03-22 06:19:49.261760,Current Ratio Below 0.5
NSTB,2024-03-26 10:32:10.464811,Current Ratio Below 0.5
CYAP,2024-03-27 06:20:34.721921,Current Ratio Below 0.5
IPCIF,2024-03-27 06:20:34.721921,Current Ratio Below 0.5
SFRX,2024-03-27 06:20:34.721921,Current Ratio Below 0.5
TMC,2024-03-27 06:20:34.721921,Current Ratio Below 0.5
TMCWW,2024-03-27 06:20:34.721921,Current Ratio Below 0.5
ANTCF,2024-03-28 06:18:25.469342,Current Ratio Below 0.5
CAIXY,2024-03-29 06:18:28.246346,Current Ratio Below 0.5
PRSNF,2024-03-29 06:18:28.246346,Current Ratio Below 0.5
TKGBY,2024-03-29 06:18:28.246346,Current Ratio Below 0.5
WBBA,2024-03-29 06:18:28.246346,Current Ratio Below 0.5
ARAV,2024-04-02 06:21:52.863495,Not Categorized
COSRF,2024-04-02 06:21:52.863495,Not Categorized
ARAV,2024-04-02 06:21:52.872752,Current Ratio Below 0.5
BCDA,2024-04-02 06:21:52.872752,Current Ratio Below 0.5
MIMOQ,2024-04-03 06:18:58.737505,Not Categorized
MIMOQ,2024-04-03 06:18:58.745067,Current Ratio Below 0.5
ASCA,2024-04-03 18:00:53.272126,Current Ratio Below 0.5
BMMJ,2024-04-03 21:49:32.486448,Current Ratio Below 0.5
GCTS,2024-04-04 06:18:57.099861,Current Ratio Below 0.5
KYCH,2024-04-04 21:57:00.430969,Current Ratio Below 0.5
VIEWQ,2024-04-06 06:18:04.272693,Not Categorized
VIEWQ,2024-04-06 06:18:04.280708,Current Ratio Below 0.5
ARVL,2024-04-07 08:37:56.205852,Not Found
DMAQ,2024-04-07 08:38:29.434936,Not Found
NOCSF,2024-04-07 08:39:26.091972,Not Found
AREN,2024-04-07 08:40:43.017405,Current Ratio Below 0.5
ATOXF,2024-04-07 08:40:43.017405,Current Ratio Below 0.5
NRXP,2024-04-07 08:40:43.017405,Current Ratio Below 0.5
IVP,2024-04-10 06:20:53.393088,Current Ratio Below 0.5
OCTO,2024-04-10 06:20:53.393088,Current Ratio Below 0.5
ABCFF,2024-04-11 06:19:11.483661,Current Ratio Below 0.5
LTCHW,2024-04-12 18:16:08.819187,Missing Close Price
DMK,2024-04-13 08:03:50.441364,Not Found
TSP,2024-04-13 08:05:27.130043,Not Found
ACOR,2024-04-13 08:06:15.510861,Current Ratio Below 0.5
CDSG,2024-04-13 08:06:15.510861,Current Ratio Below 0.5
CNSP,2024-04-13 08:06:15.510861,Current Ratio Below 0.5
FRZT,2024-04-13 08:06:15.510861,Current Ratio Below 0.5
MEDVF,2024-04-13 08:06:15.510861,Current Ratio Below 0.5
ONCO,2024-04-13 08:06:15.510861,Current Ratio Below 0.5
PKTX,2024-04-13 08:06:15.510861,Current Ratio Below 0.5
TOYRF,2024-04-13 08:06:15.510861,Current Ratio Below 0.5
YTEN,2024-04-13 08:06:15.510861,Current Ratio Below 0.5
TBMCR,2024-04-15 19:09:10.512780,Not Categorized
TBMCR,2024-04-15 19:09:10.521452,Current Ratio Below 0.5
SFE,2024-04-16 06:21:35.429608,Not Found
VVPR,2024-04-16 06:22:19.114314,Current Ratio Below 0.5
LKCRU,2024-04-18 06:21:27.134000,Not Categorized
AEY,2024-04-19 06:20:37.743347,Not Found
NVIV,2024-04-19 06:21:38.848173,Not Found
NVTA,2024-04-19 06:21:39.808793,Not Found
RVIV,2024-04-19 06:21:52.834108,Not Found
SUNW,2024-04-19 06:22:00.538083,Not Found
MDVL,2024-04-19 06:22:44.253940,Not Categorized
BURU,2024-04-19 06:22:44.263865,Current Ratio Below 0.5
CANB,2024-04-19 06:22:44.263865,Current Ratio Below 0.5
CUEN,2024-04-19 06:22:44.263865,Current Ratio Below 0.5
MDVL,2024-04-19 06:22:44.263865,Current Ratio Below 0.5
NVGLF,2024-04-19 06:22:44.263865,Current Ratio Below 0.5
SIRCD,2024-04-23 06:23:48.072090,Not Found
ASTR,2024-04-23 06:24:34.651103,Current Ratio Below 0.5
GRCL,2024-04-26 06:23:30.930646,Not Found
JT,2024-04-26 06:23:41.309873,Not Found
SIEN,2024-04-26 06:24:35.031047,Not Found
APSI,2024-04-26 06:25:40.405292,Current Ratio Below 0.5
IMRFF,2024-04-26 06:25:40.405292,Current Ratio Below 0.5
HYGN,2024-04-26 19:18:55.891161,Not Categorized
CORR,2024-05-01 07:13:05.713646,Not Found
CORRL,2024-05-01 07:13:06.464264,Not Found
IONM,2024-05-01 07:16:02.411870,Current Ratio Below 0.5
SCPX,2024-05-01 07:16:02.411870,Current Ratio Below 0.5
POL,2024-05-04 06:21:28.283906,Not Found
STMHD,2024-05-04 06:21:43.794276,Not Found
CHNR,2024-05-04 06:22:31.415947,Current Ratio Below 0.5
GBRRF,2024-05-04 06:22:31.415947,Current Ratio Below 0.5
KLGDF,2024-05-04 06:22:31.415947,Current Ratio Below 0.5
KXIN,2024-05-04 06:22:31.415947,Current Ratio Below 0.5
MARVF,2024-05-04 06:22:31.415947,Current Ratio Below 0.5
MKULQ,2024-05-07 06:24:00.586809,Not Found
LPTV,2024-05-07 06:26:14.659957,Current Ratio Below 0.5
BFX,2024-05-10 06:20:31.416949,Not Found
BETS,2024-05-10 06:22:45.033181,Not Categorized
ARHTF,2024-05-10 06:22:45.043442,Current Ratio Below 0.5
BETS,2024-05-10 06:22:45.043442,Current Ratio Below 0.5
NGMDF,2024-05-10 06:22:45.043442,Current Ratio Below 0.5
CRGE,2024-05-14 06:24:40.853713,Not Found
FAZE,2024-05-14 06:25:04.352275,Not Found
JTCHY,2024-05-14 06:25:37.353551,Not Found
POLC,2024-05-14 06:26:25.010229,Not Found
ARMP,2024-05-14 06:28:09.250213,Current Ratio Below 0.5
BNAI,2024-05-14 06:28:09.250213,Current Ratio Below 0.5
LBBB,2024-05-17 06:23:58.574152,Not Found
PTRAQ,2024-05-17 06:24:25.149750,Not Found
MGRX,2024-05-17 06:25:30.510649,Current Ratio Below 0.5
VQSSF,2024-05-17 06:25:30.510649,Current Ratio Below 0.5
LTHHF,2024-05-19 17:57:12.155659,Not Found
AETHF,2024-05-19 17:58:30.934388,Current Ratio Below 0.5
EFSH,2024-05-19 17:58:30.934388,Current Ratio Below 0.5
INUMF,2024-05-19 17:58:30.934388,Current Ratio Below 0.5
LBSR,2024-05-19 17:58:30.934388,Current Ratio Below 0.5
MOBX,2024-05-19 17:58:30.934388,Current Ratio Below 0.5
NOTV,2024-05-19 17:58:30.934388,Current Ratio Below 0.5
SAVAW,2024-05-21 18:29:48.652874,Not Categorized
NPTSF,2024-05-21 18:39:05.639402,Not Categorized
AWSL,2024-05-23 14:17:59.076263,Current Ratio Below 0.5
GRPH,2024-05-24 06:24:08.142083,Not Found
YGF,2024-05-24 06:25:45.472173,Not Found
WSNAF,2024-05-24 06:26:17.795821,Current Ratio Below 0.5
VJET,2024-05-26 05:55:25.887793,Not Found
GMDAQ,2024-05-26 05:56:21.579905,Current Ratio Below 0.5
FSR,2024-05-31 06:27:45.044662,Not Found
JOAN,2024-05-31 06:28:16.693335,Not Found
KIQ,2024-05-31 06:28:19.977037,Not Found
NIRLQ,2024-05-31 06:28:46.788739,Not Found
FFIE,2024-05-31 06:30:43.043344,Current Ratio Below 0.5
VNRX,2024-05-31 06:30:43.043344,Current Ratio Below 0.5
AWKNF,2024-06-03 06:21:04.240731,Current Ratio Below 0.5
ROVMF,2024-06-03 06:21:04.240731,Current Ratio Below 0.5
OSAAW,2024-06-06 06:20:00.976012,Not Found
WETG,2024-06-06 06:21:06.566803,Not Found
CERO,2024-06-06 06:21:56.096431,Current Ratio Below 0.5
KA,2024-06-06 06:21:56.096431,Current Ratio Below 0.5
LUXH,2024-06-06 06:21:56.096431,Current Ratio Below 0.5
VVCVF,2024-06-06 06:21:56.096431,Current Ratio Below 0.5
CASA,2024-06-10 06:20:05.822913,Not Found
NGM,2024-06-10 06:21:34.331835,Not Found
STRC,2024-06-10 06:22:28.122286,Not Found
AGSS,2024-06-10 06:23:46.404916,Current Ratio Below 0.5
ONFO,2024-06-10 06:23:46.404916,Current Ratio Below 0.5
OVTZ,2024-06-10 06:23:46.404916,Current Ratio Below 0.5
MBAIF,2024-06-10 20:38:43.160627,Not Categorized
MBAIF,2024-06-10 20:38:43.169833,Current Ratio Below 0.5
AIGFF,2024-06-13 06:21:16.582593,Current Ratio Below 0.5
ROYL,2024-06-13 06:21:16.582593,Current Ratio Below 0.5
STI,2024-06-13 06:21:16.582593,Current Ratio Below 0.5
CNXA,2024-06-15 16:16:15.322161,Not Found
WALRF,2024-06-20 19:56:12.292905,Not Categorized
WALRF,2024-06-20 19:56:12.301502,Current Ratio Below 0.5
MDC,2024-06-21 06:20:10.298924,Not Found
TXHG,2024-06-21 06:21:20.652177,Not Found
IONGF,2024-06-24 06:23:13.480172,Current Ratio Below 0.5
IOMT,2024-06-26 20:15:25.673170,Not Categorized
DTSRF,2024-06-27 06:23:07.937496,Not Categorized
VIAO,2024-06-30 18:30:17.872650,Not Found
PNST,2024-06-30 18:31:15.187798,Current Ratio Below 0.5
SRRCF,2024-06-30 18:31:15.187798,Current Ratio Below 0.5
CGOLF,2024-07-08 06:30:38.171555,Not Found
RCHRF,2024-07-08 06:32:43.202798,Not Found
RRSSF,2024-07-08 06:32:52.990998,Not Found
MYCOF,2024-07-08 06:34:26.808489,Current Ratio Below 0.5
STHFF,2024-07-08 06:34:26.808489,Current Ratio Below 0.5
CRGEQ,2024-07-11 06:29:02.819521,Not Found
EGRNQ,2024-07-11 06:29:16.117742,Not Found
ELIQ,2024-07-11 06:29:17.578313,Not Found
NKORF,2024-07-11 06:30:25.720670,Not Found
ETAO,2024-07-14 08:10:56.711076,Not Found
NBSE,2024-07-14 08:11:34.949101,Not Found
MLMLF,2024-07-14 08:13:03.538639,Current Ratio Below 0.5
TRIT,2024-07-16 20:11:26.490542,Not Categorized
TRIT,2024-07-16 20:11:26.499224,Current Ratio Below 0.5
SMURF,2024-07-19 06:30:58.755780,Not Found
CECAF,2024-07-19 06:32:01.399896,Not Categorized
GDNSF,2024-07-19 06:32:01.399896,Not Categorized
CECAF,2024-07-19 06:32:01.433987,Current Ratio Below 0.5
GDNSF,2024-07-19 06:32:01.433987,Current Ratio Below 0.5
ALPN,2024-07-22 06:30:35.771937,Not Found
FWBI,2024-07-22 06:31:40.363124,Not Found
VTRBY,2024-07-24 20:12:31.398106,Not Categorized
IMHC,2024-07-25 06:30:40.649762,Not Found
CZOO,2024-07-25 06:33:37.477572,Not Categorized
CZOO,2024-07-25 06:33:37.487401,Current Ratio Below 0.5
REBN,2024-07-25 06:33:37.487401,Current Ratio Below 0.5
SIFY,2024-07-25 06:33:37.487401,Current Ratio Below 0.5
LABP,2024-07-29 06:32:24.420163,Not Found
AUVI,2024-08-01 06:29:20.527532,Not Found
DTMXF,2024-08-01 06:32:47.219663,Current Ratio Below 0.5
NCPL,2024-08-01 06:32:47.219663,Current Ratio Below 0.5
FUSN,2024-08-10 16:53:14.335172,Not Found
HLTH,2024-08-10 16:53:24.361375,Not Found
ISUN,2024-08-10 16:53:32.575941,Not Found
MZZMF,2024-08-10 16:53:55.566262,Not Found
SSNT,2024-08-10 16:54:33.084209,Not Found
VGANF,2024-08-10 16:54:47.565989,Not Found
BKIRF,2024-08-10 16:55:46.437715,Current Ratio Below 0.5
INSG,2024-08-10 16:55:46.437715,Current Ratio Below 0.5
CASSQ,2024-08-11 16:59:34.231976,Not Found
RBT,2024-08-11 17:01:07.309833,Not Found
ADTH,2024-08-12 17:56:10.081285,Not Found
AKLI,2024-08-12 17:56:44.476897,Not Found
ARNGF,2024-08-12 17:57:45.276760,Not Found
CORRQ,2024-08-15 06:32:57.678166,Not Found
GLATF,2024-08-15 06:36:04.935147,Current Ratio Below 0.5
PMN,2024-08-15 06:36:04.935147,Current Ratio Below 0.5
TLRS,2024-08-15 06:36:04.935147,Current Ratio Below 0.5
EYEN,2024-08-15 10:33:31.375638,Current Ratio Below 0.5
ICU,2024-08-15 10:33:31.375638,Current Ratio Below 0.5
SNPO,2024-08-19 06:35:39.890029,Not Found
GTI,2024-08-19 06:37:03.430034,Current Ratio Below 0.5
SDIG,2024-08-19 06:37:03.430034,Current Ratio Below 0.5
FSRN,2024-08-22 06:34:39.315597,Not Found
ACGX,2024-08-22 06:37:33.652520,Current Ratio Below 0.5
DRFS,2024-08-22 06:37:33.652520,Current Ratio Below 0.5
GCTK,2024-08-22 06:37:33.652520,Current Ratio Below 0.5
NBIO,2024-08-22 06:37:33.652520,Current Ratio Below 0.5
SBIG,2024-08-22 06:37:33.652520,Current Ratio Below 0.5
VTAK,2024-08-22 06:37:33.652520,Current Ratio Below 0.5
AULT,2024-08-26 06:38:31.097553,Current Ratio Below 0.5
AZREF,2024-08-26 06:38:31.097553,Current Ratio Below 0.5
JTAI,2024-08-26 06:38:31.097553,Current Ratio Below 0.5
JTAIZ,2024-08-26 06:38:31.097553,Current Ratio Below 0.5
MDWK,2024-08-26 06:38:31.097553,Current Ratio Below 0.5
MINM,2024-08-26 06:38:31.097553,Current Ratio Below 0.5
TSKFF,2024-08-26 06:38:31.097553,Current Ratio Below 0.5
VCNX,2024-08-26 06:38:31.097553,Current Ratio Below 0.5
WINT,2024-08-26 06:38:31.097553,Current Ratio Below 0.5
BWCGF,2024-08-27 08:37:58.073315,No Recent Trades
BYROF,2024-08-27 08:37:58.073315,No Recent Trades
CAMPQ,2024-08-27 08:37:58.073315,No Recent Trades
CUROQ,2024-08-27 08:37:58.073315,No Recent Trades
DOCRF,2024-08-27 08:37:58.073315,No Recent Trades
DPSI,2024-08-27 08:37:58.073315,No Recent Trades
GMDA,2024-08-27 08:37:58.073315,No Recent Trades
HGMIF,2024-08-27 08:37:58.073315,No Recent Trades
HOLI,2024-08-27 08:37:58.073315,No Recent Trades
KRRGF,2024-08-27 08:37:58.073315,No Recent Trades
KSPN,2024-08-27 08:37:58.073315,No Recent Trades
MOR,2024-08-27 08:37:58.073315,No Recent Trades
MORF,2024-08-27 08:37:58.073315,No Recent Trades
NSTG,2024-08-27 08:37:58.073315,No Recent Trades
NSTGQ,2024-08-27 08:37:58.073315,No Recent Trades
OSA,2024-08-27 08:37:58.073315,No Recent Trades
OSAPQ,2024-08-27 08:37:58.073315,No Recent Trades
OSG,2024-08-27 08:37:58.073315,No Recent Trades
SIENQ,2024-08-27 08:37:58.073315,No Recent Trades
SLCA,2024-08-27 08:37:58.073315,No Recent Trades
VIEW,2024-08-27 08:37:58.073315,No Recent Trades
WAVD,2024-08-27 08:37:58.073315,No Recent Trades
ESGLF,2024-08-29 06:40:53.150914,Current Ratio Below 0.5
DMTK,2024-08-29 20:17:38.940292,No Recent Trades
DLA,2024-09-01 18:59:33.656481,Not Found
PWFL,2024-09-01 19:00:45.955918,Not Found
ARBK,2024-09-01 19:05:51.246403,Current Ratio Below 0.5
ARBKF,2024-09-01 19:05:51.246403,Current Ratio Below 0.5
EDEYF,2024-09-01 19:05:51.246403,Current Ratio Below 0.5
YERBF,2024-09-01 19:05:51.246403,Current Ratio Below 0.5
REZZF,2024-09-04 09:55:40.448943,Current Ratio Below 0.5
AIU,2024-09-04 15:04:01.853310,No Recent Trades
BFXXQ,2024-09-04 15:04:01.853310,No Recent Trades
ABIO,2024-09-05 13:47:13.929780,No Recent Trades
OSIIF,2024-09-05 13:47:13.929780,No Recent Trades
ASLN,2024-09-18 19:38:29.301933,No Recent Trades
RADCQ,2024-09-18 19:38:29.301933,No Recent Trades
WKME,2024-09-18 19:38:29.301933,No Recent Trades
RGTLF,2024-09-18 19:39:29.184882,Not Categorized
CACO,2024-09-18 19:39:29.194252,Current Ratio Below 0.5
CETI,2024-09-18 19:39:29.194252,Current Ratio Below 0.5
GDNPF,2024-09-18 19:39:29.194252,Current Ratio Below 0.5
NLRCF,2024-09-18 19:39:29.194252,Current Ratio Below 0.5
NULGF,2024-09-18 19:39:29.194252,Current Ratio Below 0.5
RGTLF,2024-09-18 19:39:29.194252,Current Ratio Below 0.5
ZENV,2024-09-18 19:39:29.194252,Current Ratio Below 0.5
ZHCLF,2024-09-18 19:39:29.194252,Current Ratio Below 0.5
GWSO,2024-09-20 06:45:21.857269,Current Ratio Below 0.5
RELT,2024-09-20 06:45:21.857269,Current Ratio Below 0.5
HYW,2024-09-23 06:39:42.767451,Not Found
PXMD,2024-09-23 06:48:48.149993,Current Ratio Below 0.5
ALIM,2024-09-24 06:43:29.592985,No Recent Trades
GTHX,2024-09-24 06:43:29.592985,No Recent Trades
HA,2024-09-24 06:43:29.592985,No Recent Trades
AVOI,2024-09-26 06:37:51.315939,Not Found
FTCHF,2024-09-26 06:39:10.134470,Not Found
SEOVF,2024-09-26 06:47:46.535994,Current Ratio Below 0.5
TORVF,2024-09-26 06:47:46.535994,Current Ratio Below 0.5
CYTO,2024-09-30 06:47:25.471146,Current Ratio Below 0.5
DECXF,2024-09-30 06:47:25.471146,Current Ratio Below 0.5
GLNLF,2024-09-30 06:47:25.471146,Current Ratio Below 0.5
SOND,2024-09-30 06:47:25.471146,Current Ratio Below 0.5
SILK,2024-10-02 06:39:22.705114,No Recent Trades
VINZF,2024-10-02 06:40:17.493755,Not Categorized
VINZF,2024-10-02 06:40:17.502099,Current Ratio Below 0.5
NSGCF,2024-10-03 06:46:24.813315,Current Ratio Below 0.5
REGRF,2024-10-03 06:46:24.813315,Current Ratio Below 0.5
SGE,2024-10-04 06:40:09.062429,No Recent Trades
SMLP,2024-10-04 06:40:09.062429,No Recent Trades
LTMAY,2024-10-07 06:38:36.138850,Not Found
VWE,2024-10-07 06:40:48.085167,Not Found
AUDAQ,2024-10-07 06:45:12.701685,No Recent Trades
EIGR,2024-10-07 06:45:12.701685,No Recent Trades
CURB-WI,2024-10-07 06:46:08.645663,Not Categorized
CURB-WI,2024-10-07 06:46:08.656161,Current Ratio Below 0.5
EVA,2024-10-07 06:46:08.656161,Current Ratio Below 0.5
RECHF,2024-10-07 06:46:08.656161,Current Ratio Below 0.5
CUBXF,2024-10-07 06:46:08.667131,Missing Close Price
AUGX,2024-10-08 06:39:35.314740,No Recent Trades
EIGRQ,2024-10-08 06:39:35.314740,No Recent Trades
PRFT,2024-10-08 06:39:35.314740,No Recent Trades
CONN,2024-10-09 06:37:33.708453,No Recent Trades
TWOU,2024-10-10 06:35:33.924828,Not Found
CWEGF,2024-10-10 06:41:05.095651,No Recent Trades
BSRUF,2024-10-11 06:42:43.867984,No Recent Trades
RPHM,2024-10-11 06:42:43.867984,No Recent Trades
QLI,2024-10-14 06:40:02.288658,Not Found
AEZS,2024-10-14 06:45:03.637750,No Recent Trades
AKTS,2024-10-14 06:46:01.851204,Current Ratio Below 0.5
SFTGQ,2024-10-15 06:40:56.866216,No Recent Trades
PLGGF,2024-10-16 06:40:33.231171,No Recent Trades
CHUY,2024-10-17 06:41:55.318528,No Recent Trades
LOOP,2024-10-17 06:42:52.601583,Current Ratio Below 0.5
HUGE,2024-10-18 06:42:20.119931,No Recent Trades
GAMGF,2024-10-21 06:38:37.982174,Not Found
SLGD,2024-10-21 06:40:33.970606,Not Found
BNTRF,2024-10-21 06:48:23.706873,Current Ratio Below 0.5
TMDIF,2024-10-21 06:48:23.706873,Current Ratio Below 0.5
DRKTF,2024-10-23 21:44:47.546387,No Recent Trades
MMAT,2024-10-24 06:40:49.825589,Not Found
MYNZ,2024-10-24 06:48:51.630328,Current Ratio Below 0.5
GPS,2024-10-25 06:41:43.976807,No Recent Trades
CLIK,2024-10-25 06:42:54.737272,Not Categorized
CLIK,2024-10-25 06:42:54.747679,Current Ratio Below 0.5
ALLG,2024-10-28 06:37:42.343945,Not Found
AMBBF,2024-10-28 06:37:44.346236,Not Found
DIGP,2024-10-28 06:38:36.710634,Not Found
SZSMF,2024-10-28 06:41:30.256106,Not Found
ATMTF,2024-10-28 06:46:50.113892,No Recent Trades
SHCR,2024-10-28 06:46:50.113892,No Recent Trades
SHCRW,2024-10-28 06:46:50.113892,No Recent Trades
ZNCXF,2024-10-28 06:48:03.986372,Current Ratio Below 0.5
WRNT,2024-10-30 08:36:33.787767,No Recent Trades
CRCQW,2024-10-31 06:44:09.395418,No Recent Trades
PETQ,2024-10-31 06:44:09.395418,No Recent Trades
DNCVF,2024-10-31 06:45:24.235552,Current Ratio Below 0.5
FBASF,2024-10-31 06:45:24.235552,Current Ratio Below 0.5
RYES,2024-10-31 06:45:24.235552,Current Ratio Below 0.5
OPINL,2024-11-01 06:45:03.220768,Not Categorized
BDWBF,2024-11-04 06:43:11.361464,Current Ratio Below 0.5
ETFLF,2024-11-04 06:43:11.361464,Current Ratio Below 0.5
EULIF,2024-11-04 06:43:11.361464,Current Ratio Below 0.5
EVAX,2024-11-04 06:43:11.361464,Current Ratio Below 0.5
LXENF,2024-11-04 06:43:11.361464,Current Ratio Below 0.5
MITJF,2024-11-04 06:43:11.361464,Current Ratio Below 0.5
NBMFF,2024-11-04 06:43:11.361464,Current Ratio Below 0.5
TGNT,2024-11-04 06:43:11.361464,Current Ratio Below 0.5
LLAP,2024-11-05 06:39:36.222706,No Recent Trades
OBNNF,2024-11-05 06:39:36.222706,No Recent Trades
ITI,2024-11-07 06:41:03.668914,No Recent Trades
SDXEF,2024-11-07 06:42:20.809564,Not Categorized
SDXEF,2024-11-07 06:42:20.819432,Current Ratio Below 0.5
SRCL,2024-11-08 06:39:29.984762,No Recent Trades
BIG,2024-11-11 06:34:49.892238,Not Found
MICS,2024-11-11 06:35:56.897115,Not Found
APTO,2024-11-11 06:43:32.396740,Current Ratio Below 0.5
BSXGF,2024-11-11 06:43:32.396740,Current Ratio Below 0.5
CBWTF,2024-11-11 06:43:32.396740,Current Ratio Below 0.5
ENDGF,2024-11-11 06:43:32.396740,Current Ratio Below 0.5
HLGN,2024-11-11 06:43:32.396740,Current Ratio Below 0.5
MCCRF,2024-11-11 06:43:32.396740,Current Ratio Below 0.5
NSFDF,2024-11-11 06:43:32.396740,Current Ratio Below 0.5
SALM,2024-11-11 06:43:32.396740,Current Ratio Below 0.5
SHGDF,2024-11-11 06:43:32.396740,Current Ratio Below 0.5
TRVN,2024-11-11 06:43:32.396740,Current Ratio Below 0.5
ULTHF,2024-11-11 06:43:32.396740,Current Ratio Below 0.5
LILMW,2024-11-12 06:40:28.671192,No Recent Trades
ARLSD,2024-11-13 06:40:43.360844,No Recent Trades
ECIA,2024-11-14 20:04:33.399809,No Recent Trades
ELRRF,2024-11-14 20:04:33.399809,No Recent Trades
ELVG,2024-11-14 20:04:33.399809,No Recent Trades
ETST,2024-11-14 20:04:33.399809,No Recent Trades
EUBG,2024-11-14 20:04:33.399809,No Recent Trades
FDMT,2024-11-14 20:04:33.399809,No Recent Trades
FLHLF,2024-11-14 20:04:33.399809,No Recent Trades
GELYF,2024-11-14 20:04:33.399809,No Recent Trades
GEODF,2024-11-14 20:04:33.399809,No Recent Trades
GLXZ,2024-11-14 20:04:33.399809,No Recent Trades
HGAS,2024-11-14 20:04:33.399809,No Recent Trades
HLYK,2024-11-14 20:04:33.399809,No Recent Trades
HNHPF,2024-11-14 20:04:33.399809,No Recent Trades
HTLZF,2024-11-14 20:04:33.399809,No Recent Trades
HYSR,2024-11-14 20:04:33.399809,No Recent Trades
IBRLF,2024-11-14 20:04:33.399809,No Recent Trades
ICLTF,2024-11-14 20:04:33.399809,No Recent Trades
INIKF,2024-11-14 20:04:33.399809,No Recent Trades
INIS,2024-11-14 20:04:33.399809,No Recent Trades
INXDF,2024-11-14 20:04:33.399809,No Recent Trades
IQST,2024-11-14 20:04:33.399809,No Recent Trades
IVFH,2024-11-14 20:04:33.399809,No Recent Trades
JDCMF,2024-11-14 20:04:33.399809,No Recent Trades
JSDA,2024-11-14 20:04:33.399809,No Recent Trades
KNTNF,2024-11-14 20:04:33.399809,No Recent Trades
LFLY,2024-11-14 20:04:33.399809,No Recent Trades
LNVGF,2024-11-14 20:04:33.399809,No Recent Trades
LOWLF,2024-11-14 20:04:33.399809,No Recent Trades
LTUM,2024-11-14 20:04:33.399809,No Recent Trades
LUCRF,2024-11-14 20:04:33.399809,No Recent Trades
LUVU,2024-11-14 20:04:33.399809,No Recent Trades
MGHCF,2024-11-14 20:04:33.399809,No Recent Trades
MNTR,2024-11-14 20:04:33.399809,No Recent Trades
MRRDF,2024-11-14 20:04:33.399809,No Recent Trades
MSCLF,2024-11-14 20:04:33.399809,No Recent Trades
MYIDF,2024-11-14 20:04:33.399809,No Recent Trades
NGENF,2024-11-14 20:04:33.399809,No Recent Trades
NGLD,2024-11-14 20:04:33.399809,No Recent Trades
NGXXF,2024-11-14 20:04:33.399809,No Recent Trades
NMRA,2024-11-14 20:04:33.399809,No Recent Trades
NNOMF,2024-11-14 20:04:33.399809,No Recent Trades
NSRCF,2024-11-14 20:04:33.399809,No Recent Trades
NTCPF,2024-11-14 20:04:33.399809,No Recent Trades
NUGN,2024-11-14 20:04:33.399809,No Recent Trades
NYWKF,2024-11-14 20:04:33.399809,No Recent Trades
NZAUF,2024-11-14 20:04:33.399809,No Recent Trades
OSSIF,2024-11-14 20:04:33.399809,No Recent Trades
PGCMF,2024-11-14 20:04:33.399809,No Recent Trades
PGOL,2024-11-14 20:04:33.399809,No Recent Trades
PSHG,2024-11-14 20:04:33.399809,No Recent Trades
RDGL,2024-11-14 20:04:33.399809,No Recent Trades
RLBY,2024-11-14 20:04:33.399809,No Recent Trades
RMSL,2024-11-14 20:04:33.399809,No Recent Trades
RNGE,2024-11-14 20:04:33.399809,No Recent Trades
ROMJF,2024-11-14 20:04:33.399809,No Recent Trades
RSCF,2024-11-14 20:04:33.399809,No Recent Trades
SCYYF,2024-11-14 20:04:33.399809,No Recent Trades
SER,2024-11-14 20:04:33.399809,No Recent Trades
SOI,2024-11-14 20:04:33.399809,No Recent Trades
SRMMF,2024-11-14 20:04:33.399809,No Recent Trades
SRNW,2024-11-14 20:04:33.399809,No Recent Trades
TCEHY,2024-11-14 20:04:33.399809,No Recent Trades
TECX,2024-11-14 20:04:33.399809,No Recent Trades
TIIAY,2024-11-14 20:04:33.399809,No Recent Trades
TRUIF,2024-11-14 20:04:33.399809,No Recent Trades
USNU,2024-11-14 20:04:33.399809,No Recent Trades
VEII,2024-11-14 20:04:33.399809,No Recent Trades
VHIBF,2024-11-14 20:04:33.399809,No Recent Trades
VKSC,2024-11-14 20:04:33.399809,No Recent Trades
VLD,2024-11-14 20:04:33.399809,No Recent Trades
VLOWY,2024-11-14 20:04:33.399809,No Recent Trades
WGXRF,2024-11-14 20:04:33.399809,No Recent Trades
WSTRF,2024-11-14 20:04:33.399809,No Recent Trades
DROR,2024-11-15 06:43:21.605129,No Recent Trades
DYNT,2024-11-15 06:43:21.605129,No Recent Trades
PTLE,2024-11-15 19:12:11.995076,Not Categorized
PTLE,2024-11-15 19:12:12.013712,Current Ratio Below 0.5
PTLE,2024-11-15 19:12:12.031646,Missing Close Price
ANRGF,2024-11-15 21:14:43.917121,Current Ratio Below 0.5
AONC,2024-11-15 21:14:43.917121,Current Ratio Below 0.5
ASXSF,2024-11-15 21:14:43.917121,Current Ratio Below 0.5
AURX,2024-11-15 21:14:43.917121,Current Ratio Below 0.5
AXDDF,2024-11-15 21:14:43.917121,Current Ratio Below 0.5
AYASF,2024-11-15 21:14:43.917121,Current Ratio Below 0.5
BATL,2024-11-15 21:14:43.917121,Current Ratio Below 0.5
BLPG,2024-11-15 21:14:43.917121,Current Ratio Below 0.5
BRST,2024-11-15 21:14:43.917121,Current Ratio Below 0.5
CAPR,2024-11-15 21:14:43.917121,Current Ratio Below 0.5
CNTA,2024-11-15 21:14:43.917121,Current Ratio Below 0.5
CXAI,2024-11-15 21:14:43.917121,Current Ratio Below 0.5
CYAN,2024-11-15 21:14:43.917121,Current Ratio Below 0.5
DBOXF,2024-11-15 21:14:43.917121,Current Ratio Below 0.5
DDEJF,2024-11-15 21:14:43.917121,Current Ratio Below 0.5
AATC,2024-11-17 09:54:38.031036,Current Ratio Below 0.5
ACIXF,2024-11-17 09:54:38.031036,Current Ratio Below 0.5
AERG,2024-11-17 09:54:38.031036,Current Ratio Below 0.5
AYURF,2024-11-17 09:54:38.031036,Current Ratio Below 0.5
BRCNF,2024-11-17 09:54:38.031036,Current Ratio Below 0.5
BTTC,2024-11-17 09:54:38.031036,Current Ratio Below 0.5
BVNRY,2024-11-17 09:54:38.031036,Current Ratio Below 0.5
CTXXF,2024-11-17 09:54:38.031036,Current Ratio Below 0.5
DZSI,2024-11-17 09:54:38.031036,Current Ratio Below 0.5
GTBIF,2024-11-17 09:54:38.031036,Current Ratio Below 0.5
HHDS,2024-11-17 09:54:38.031036,Current Ratio Below 0.5
IAALF,2024-11-17 09:54:38.031036,Current Ratio Below 0.5
IOVA,2024-11-17 09:54:38.031036,Current Ratio Below 0.5
ISENF,2024-11-17 09:54:38.031036,Current Ratio Below 0.5
KLNG,2024-11-17 09:54:38.031036,Current Ratio Below 0.5
KRT,2024-11-17 09:54:38.031036,Current Ratio Below 0.5
KRUS,2024-11-17 09:54:38.031036,Current Ratio Below 0.5
KTEL,2024-11-17 09:54:38.031036,Current Ratio Below 0.5
MRVI,2024-11-17 09:54:38.031036,Current Ratio Below 0.5
NVLPF,2024-11-17 09:54:38.031036,Current Ratio Below 0.5
OIBZQ,2024-11-17 09:54:38.031036,Current Ratio Below 0.5
PBYI,2024-11-17 09:54:38.031036,Current Ratio Below 0.5
TGTX,2024-11-17 09:54:38.031036,Current Ratio Below 0.5
TKC,2024-11-17 09:54:38.031036,Current Ratio Below 0.5
VRNA,2024-11-17 09:54:38.031036,Current Ratio Below 0.5
VRSSF,2024-11-17 09:54:38.060710,Missing Close Price
